URL,Last crawled
https://docs.zksync.io/ecosystem/ide,2025-10-03
https://docs.zksync.io/zk-stack/concepts/data-availability,2025-10-02
https://docs.zksync.io/zksync-era/guides/quick-start/paymasters-introduction,2025-09-23
https://docs.zksync.io/ecosystem/node-providers,2025-09-23
https://docs.zksync.io/build/developer-reference/fee-model/,2025-09-22
https://docs.zksync.io/zk-stack/components/smart-contracts/smart-contracts.html,2025-09-22
https://docs.zksync.io/build/api-reference,2025-09-21
https://docs.zksync.io/build/resources/faq,2025-09-20
https://docs.zksync.io/build/developer-reference/fee-model/how-l2-gas-price-works,2025-09-20
https://docs.zksync.io/userdocs/tokenomics,2025-09-20
https://docs.zksync.io/ecosystem/bridges,2025-09-19
https://docs.zksync.io/build/developer-reference/fee-model,2025-09-18
https://docs.zksync.io/zksync-node/quickstart,2025-09-18
https://docs.zksync.io/ecosystem/wallets,2025-09-18
https://docs.zksync.io/build/developer-reference/era-contracts/l1-ecosystem-contracts,2025-09-17
https://docs.zksync.io/dev,2025-09-15
https://docs.zksync.io/build/start-coding/quick-start/paymasters-introduction,2025-09-13
https://docs.zksync.io/zksync-network/sdk/troubleshooting,2025-09-13
https://docs.zksync.io/ecosystem/nft-marketplaces,2025-09-13
https://docs.zksync.io/zksync-network/sdk/release-note,2025-09-13
https://docs.zksync.io/zksync-network/sdk/glossary,2025-09-13
https://docs.zksync.io/zksync-network/sdk/faq,2025-09-12
https://docs.zksync.io/ecosystem/network-faucets,2025-09-12
https://docs.zksync.io/build/developer-reference/era-contracts/system-contracts,2025-09-12
https://docs.zksync.io/zksync-node/running-node,2025-09-01
https://docs.zksync.io/zksync-era/tooling/zksync-easy-onramp/util-helpers,2025-08-11
https://docs.zksync.io/zksync-node/component-breakdown,2025-08-08
https://docs.zksync.io/zksync-era/tooling/zksync-easy-onramp/configure-sdk-provider,2025-08-06
https://docs.zksync.io/userdocs/roadmap/,2025-07-30
https://docs.zksync.io/build/support/faq.html,2025-07-25
https://docs.zksync.io/zk-stack/components/zksync-evm/precompiles,2025-07-22
https://docs.zksync.io/zk-stack/concepts/data-availability/validiums,2025-07-22
https://docs.zksync.io/zksync-era/tooling/zksync-easy-onramp/faqs,2025-07-22
https://docs.zksync.io/zksync-node/troubleshooting,2025-07-21
https://docs.zksync.io/zksync-era/tooling/zksync-easy-onramp/configure-sdk,2025-07-16
https://docs.zksync.io/zksync-era/tooling/zksync-easy-onramp/sdk-config-settings,2025-07-16
https://docs.zksync.io/build/tooling/hardhat/hardhat-zksync-solc.html,2025-07-15
https://docs.zksync.io/zksync-era/tooling/zksync-easy-onramp/testing-integration,2025-07-15
https://docs.zksync.io/zksync-protocol/evm-emulator/pre-deployed-contracts,2025-07-15
https://docs.zksync.io/infra/configuration.html,2025-07-12
https://docs.zksync.io/contact,2025-07-11
https://docs.zksync.io/build/sdks/js/getting-started.html,2025-07-09
https://docs.zksync.io/zkevm/,2025-07-09
https://docs.zksync.io/docs/reference/concepts/aa.html,2025-07-06
https://docs.zksync.io/build/tooling/block-explorer/getting-started.html,2025-06-30
https://docs.zksync.io/zk-stack/components/shared-bridges.html,2025-06-29
https://docs.zksync.io/build/tutorials/tooling-guides/web3js.html,2025-06-28
https://docs.zksync.io/zksync-era/unique-features/evm-emulator/faq,2025-06-28
https://docs.zksync.io/zksync-protocol/evm-emulator/era-evm-interactions,2025-06-28
https://docs.zksync.io/infra/introduction.html,2025-06-26
https://docs.zksync.io/zk-stack/concepts/blocks.html,2025-06-26
https://docs.zksync.io/zksync-node/configuration,2025-06-25
https://docs.zksync.io/zk-stack/components/smart-contracts/system-contracts.html,2025-06-25
https://docs.zksync.io/zk-stack/concepts/transaction-lifecycle.html,2025-06-25
https://docs.zksync.io/build/tooling/block-explorer/contract-verification.html,2025-06-25
https://docs.zksync.io/zk-stack/concepts/data-availability/validiums/?ref=grvt.io,2025-06-23
https://docs.zksync.io/zk-stack/concepts/validiums.html?ref=basebiance.com,2025-06-23
https://docs.zksync.io/zk-stack/concepts/data-availability/validiums?ref=basebiance.com,2025-06-21
https://docs.zksync.io/zksync-node/component-breakdown/,2025-06-21
https://docs.zksync.io/build/tooling/hardhat/other-plugins.html,2025-06-21
https://docs.zksync.io/zksync-node/quickstart/,2025-06-21
https://docs.zksync.io/zksync-era/guides/quick-start/paymasters-introduction/,2025-06-21
https://docs.zksync.io/ecosystem/network-faucets/,2025-06-21
https://docs.zksync.io/build/quick-start/paymasters-introduction/,2025-06-21
https://docs.zksync.io/build/start-coding/quick-start/paymasters-introduction/,2025-06-21
https://docs.zksync.io/zk-stack/components/compiler/specification/,2025-06-19
https://docs.zksync.io/infra/quickstart.html,2025-06-19
https://docs.zksync.io/zksync-node/configuration/,2025-06-19
https://docs.zksync.io/build/sdks/js/utils.html,2025-06-11
https://docs.zksync.io/build/tooling/block-explorer/block-explorer-api.html,2025-06-11
https://docs.zksync.io/zk-stack/concepts/finality.html,2025-06-11
https://docs.zksync.io/build/tooling/hardhat/hardhat-zksync-upgradable.html,2025-06-10
https://docs.zksync.io/ecosystem/cross-chain/,2025-06-10
https://docs.zksync.io/zk-stack/concepts/hyperchains-hyperscaling.html,2025-06-09
https://docs.zksync.io/build/tooling/hardhat/hardhat-zksync-deploy.html,2025-06-09
https://docs.zksync.io/_fonts/N0bX2SlFPv1weGeLZDtQIg-MoHIo39i8o.woff,2025-06-08
https://docs.zksync.io/sdk/java/contracts,2025-06-07
https://docs.zksync.io/zk-stack/concepts/fee-mechanism.html,2025-06-07
https://docs.zksync.io/zk-stack/components/compiler/toolchain/solidity.html,2025-06-07
https://docs.zksync.io/zksync-era/unique-features/evm-emulator/evm-emulator,2025-06-07
https://docs.zksync.io/sdk/go/utils/,2025-06-06
https://docs.zksync.io/sdk/go/utils,2025-06-06
https://docs.zksync.io/build/tooling/hardhat,2025-06-04
https://docs.zksync.io/ecosystem/oracles,2025-06-04
https://docs.zksync.io/sdk/python/features/,2025-06-04
https://docs.zksync.io/sdk/python/quickstart/installation-python/,2025-06-03
https://docs.zksync.io/sdk/python/features,2025-06-03
https://docs.zksync.io/docs/reference/concepts/zkSync.html?ref=blog.quicknode.com,2025-06-03
https://docs.zksync.io/zk-stack/running-a-hyperchain/locally.html,2025-06-02
https://docs.zksync.io/zksync-protocol/evm-emulator/technical-details,2025-05-31
https://docs.zksync.io/zksync-protocol/evm-emulator/evm-differences,2025-05-27
https://docs.zksync.io/zksync-protocol/evm-emulator/deployment-execution,2025-05-27
https://docs.zksync.io/build/quick-start/paymasters-introduction,2025-05-26
https://docs.zksync.io/infra/running-node.html,2025-05-26
https://docs.zksync.io/build/test-and-debug/continuous-integration.html,2025-05-21
https://docs.zksync.io/zk-stack/concepts/data-availability/validiums/?ref=basebiance.com,2025-05-21
https://docs.zksync.io/build/test-and-debug/continuous-integration/,2025-05-18
https://docs.zksync.io/zk-stack/concepts/validiums.html,2025-05-18
https://docs.zksync.io/infra/,2025-05-18
https://docs.zksync.io/build/sdks/js/accounts.html,2025-05-17
https://docs.zksync.io/zk-stack/concepts/data-availability/overview.html,2025-05-17
https://docs.zksync.io/build/tooling/hardhat/hardhat-zksync-verify.html,2025-05-16
https://docs.zksync.io/zk-stack/components/zksync-evm/vm-specification/formal-spec/,2025-05-13
https://docs.zksync.io/build/zksync-sso/faqs,2025-05-13
https://docs.zksync.io/build/tooling/block-explorer/block-explorer-menu.html,2025-05-11
https://docs.zksync.io/build/test-and-debug/dockerized-l1-l2-nodes,2025-05-10
https://docs.zksync.io/zksync-protocol/compiler/specification/,2025-05-10
https://docs.zksync.io/zk-stack/components/compiler/specification,2025-05-10
https://docs.zksync.io/build/start-coding/zksync-101/paymaster/,2025-05-10
https://docs.zksync.io/zk-stack/concepts/validiums.html?ref=grvt.io,2025-05-09
https://docs.zksync.io/build/start-coding/zksync-101/paymaster,2025-05-09
https://docs.zksync.io/zk-stack/components/prover/running-the-prover,2025-05-09
https://docs.zksync.io/zk-stack/concepts/data-availability/validiums?ref=grvt.io,2025-05-09
https://docs.zksync.io/ecosystem/cross-chain,2025-05-08
https://docs.zksync.io/sdk/python/quickstart/installation-python,2025-05-08
https://docs.zksync.io/ecosystem/,2025-05-08
https://docs.zksync.io/userdocs/tokenomics/,2025-05-07
https://docs.zksync.io/sdk/java/utils,2025-05-07
https://docs.zksync.io/sdk/java/utils/,2025-05-07
https://docs.zksync.io/zk-stack/components/sequencer-server.html,2025-04-30
https://docs.zksync.io/ecosystem/bridges/,2025-04-29
https://docs.zksync.io/sdk/js/ethers/installation-js/,2025-04-28
https://docs.zksync.io/sdk/python/accounts-l1-l2/,2025-04-25
https://docs.zksync.io/sdk/go/accounts-l1-l2/,2025-04-25
https://docs.zksync.io/sdk/js/ethers/installation-js,2025-04-24
https://docs.zksync.io/sdk/python/accounts-l1-l2,2025-04-24
https://docs.zksync.io/sdk/python/paymaster-utils,2025-04-23